,Attention U-Net,DeepLabV3,DeepLabV3+,FPN,PSPNet,U-Net
Precision,0.8009834260246637,0.80649214664284,0.7742370083850648,0.8200415725569179,0.7911459982133757,0.8126046962697511
Recall,0.8698878805956461,0.8164744811317625,0.8715553966300893,0.8672350683034268,0.8574942927661333,0.8842845612056198
F1 Score,0.8340148904300597,0.811452614857468,0.8200189050240825,0.8429783142442159,0.822985076762469,0.8469306810788769
ROC AUC,0.9212321728484537,0.9110795595286851,0.9070167737857853,0.9293162437245625,0.9149620432019305,0.929290292019195
IoU,0.7152877713315534,0.6827263473051667,0.6949424092602249,0.7285760713236498,0.6992137996846655,0.7345010982265257
Number of parameters (10^6),7.901365,25.449409,26.744961,6.096929,23.939009,7.770081
Parameter size (MB),30.141315460205078,97.08179092407227,102.02392959594727,23.257938385009766,91.32007217407227,29.640506744384766
Mean latency (ms),71.85716194001088,132.08358764001332,146.9680149198757,59.07413029000509,131.7742453305982,51.215960870010804
Median latency (ms),70.55638850010837,130.2188989999422,145.03246450112783,57.494235999911325,130.04849849676248,50.00398950005547
95th percentile latency (ms),77.90453359989442,145.5708050499311,158.73255474980397,68.47288015014783,145.8453245999408,57.894898000131434
Latency standard deviation (ms),4.330919360823766,6.550102309329929,5.752597173884152,5.753609983851068,7.331624989777638,3.0806433847934227
